user_id,session_id,timestamp,step,item_recommendations
7DG1P5AF4C79,1219174d15833,1541649364,1,3505168 4076642 3992194 7104470 2678542 3764414
0LRBROTH3MR7,495bd73cbe8fd,1541607567,1,74502 61314 1029656 72170 1323480 356506 1450181 6329398 1362888 77011 1535869 65057 58032 972465 355001 1122443 73701 881967 63227 2731580 7719134 1424711 63688 1440511 905527
OL1ZX7H83GAA,48440436354b7,1541620991,4,27727 27722 15358 27718 27750 27720 149182 27748
5RS51ZD7S4X3,468365df63627,1541641129,2,109111 109112 105315 4038838 105444 3767210 109110
TSXSSR384I6Q,55d0da20f4914,1541685856,1,172347 1207346 10046270 5748704 4342166 315601 317331 426696 442626 74986 69520 2590912 5822268 2032455
D4BGXLWYCV39,bd61e0c6195e8,1541658022,1,944613 105614 1392912 3798920 175807 175817 175827 1040174 4135650 7353320 6929402 5516264
SCN6RBG4C52P,844cc4a94a6c0,1541635953,2,129720 1501289 5620384 2019467 3241998 2982790 1621465 1269139 3993110 2891970 2299886 1240220 1406792 9743666 1690061 1084060 623256 950833 2653224 7952088 104535 2045369 913057 4408686 5830048
PWTFF63DXC25,67cf80b4bbf01,1541707273,2,913095 12453 152336 12502 12507 148242 148245 5685540 156610 4131244 3189330 903883 1816425 12451 5124764 12505 83503 379626 5116172 389846 774953 3871838 5180076 8955010 1263215
CG8K922JAWG0,0c423065f8463,1541691726,3,34949 3486886 34967 4468252 3533288 5218194 2420344 7000860 34959 34962 5589322 8287496 895665 34951 16813 16821 5739762
94PHEG4LXQQB,7a070e047c261,1541669988,6,1787451 7128300 10083956 2709224 7116000 8788638 9783386 5711410 5995996 1329556 2602598 8978224 2663504 2890058 960661
4QMR54T49XSO,85bc299587529,1541592184,1,14024 2628242 5148390 110445 41968 1870179 41859 2396812 10063616 41971 42004 99107 41942 41946 1652457 927037 85443 41860 41924 42022 42016 1541215 41911 930131 41961
0A8PQ187ZFWU,571c3e84cc5d8,1541603181,6,2676372 222046 4176808 6806224 2686331 1020869 5748634 2782504 928167 4026606 2256024 9571442 6514460 4275078 6930422 3954012 3227604
90IJJ3TDL4RZ,1aef81d002bba,1541689195,1,6861464 8748012 9171490 9184454 2212472 1983615 7017634 3810902 7109796 1099964 1099972 2297102 2032291 6437210 997591 5478836 9433256 2787204 7101064 3835812 6792224 1358678 1357603 9047492 9203466
9AJXQXC4968L,c40232cefbfd0,1541711908,23,570036 3206053 3243849 999969 1885015 2043073 1650125 2186850 2567158 2172990 990669 2187316 1244888 682951 1244910 2679612
PDPT8QVQB76D,2b19e81700459,1541612504,8,920039 52687 5433 5420 5417 905057 5431 5425 51223 2860888 50873
7WM2SRD9AOVN,4ad0b8959078d,1541714138,3,5053410 2361754 2356770 2277194 2784882 9599614 4324562 8420094 4919990 7023842 4283448 1668441 2509136 3237998 4277442 8260794 8900748 8886188 2784918 4471138 9610762 7144824 5998832 6005854 11142246
RRSHIF3VCU9N,869118c304802,1541687264,13,2702655 5163444 721101 2600348 6284988
H9FJ60L973L2,03f6c18abf99b,1541621678,2,1701973 6365 6802192 14302 15917 13866 244871 51114 6390 704471 51037 100479 51312 52913 51173 6354 100425 2274122 5737160
M8ULV456AOWL,693d5693d3c31,1541687003,2,5001768
B3WQMUDYAEW2,183bc184bcbbb,1541686868,1,4211758 97126 9128 32711 1772505 94424 97274 37687 2278220 2658708 1109977 4114490 901161 94431 10017556 2782375 2121722 94458 4348048 95479 94446 985965 1728933 94833 2245780
2GYH1IK5BGEA,fbc774833f423,1541591727,5,1776243 9771364 4779552 9698286 8453358 9180400
922ZOZBIC4T2,3313dd0cb87e2,1541703869,20,10526412 2745985 993837 3167548 5892 3214505 1218844 107145 890111 9352184 135543 4061396 152576 1116287 4786572 4021822 135507 130291
PA5ESWNY4E94,3773a59c73343,1541652693,2,109038 1041528 2595209 2109524 666876 109035 7179508 5121996 7309798 3793686 120965 54899 3400638 5504880 6957944 8006212 6657740 2438214 8816690 931183 54822 2904734 2842060 55078 6508730
M3KY7GG7Q53Z,710dd5c8b321e,1541622827,11,4903906 3374360 10953152
PUDJJ141XW5N,da5c0b162f29e,1541611234,5,4821216 2038131 2352224 2365234 2948778 2785817 2324606 2324772 1631595 2033165 2539578 2324572 9323236 2538268 4873744 1793925 9091416 5106866 2877862 4143212 9021488 2114270 9055722 5451078 4032260
RCM6UL26W2Z6,b245ee6608d08,1541695053,1,1846017 2552514 2677206 2349076 2019273 7159866 2685752 5117712 3244976 7721912 2881712 2828571 8768470 2632010 2675278 2754104 2754106 2756126 2759902 3245044 3245301 3245316 3898458 4704368 5942776
6ER5P8XU9ZW5,948208255c261,1541624387,2,7888468
J6OT14WC5PKD,c0c49ab3f5446,1541611989,3,32671 124824 2077518 2797170
79R61LM6WJKT,f15370f3c41c4,1541556333,2,2858081 3213892 2891218 3132756 3498588 2328968 2816074 1407314 3194816 2670822 2680548 5082724 4345482 5028864 3918344 2431841
EME0UXCEVIZX,eadd3f472355d,1541610116,1,2808720 8750602 45349 2178842 3893474 945283 2279758 346131 2058242 4672298 7372018 2270178 4541118 3060156 2154516 3378506 10910536 1764617 2847218 7134510 3476740 4993886 6406968 7169424 5470430
IRD2OR8FJYE8,9431b0a95151e,1541656916,1,1695147 4626686 7164054 4938298 4675696 5017346 3907450 3215088 5079026 7786362 7357612 3950394 2786962 2767250 4977832 4203706 7204510 5893552 7993686 9349476 4516574 3797164 2255606 2175996 4953674
UWNXLMCFR7X8,396993e986d17,1541693270,3,6063396 925085 2862578 11332 11334 49673 48391 1059840 3366588 11329 100146 11347 11330 2001843 152968 1825895
J8RP364UP1K8,a001ee3c9f4f1,1541677737,2,99187 99186 99184 399221 2144580 99189 2165252 95012 1333390 93037 104337 148663 93030 93007 116549 99188 340376 99193 3491366 340191 387656 973087 109578 5119450 394241
CYE6PXK1P9FO,6ebc51e1163f0,1541634405,12,1754159 2535386 8253052 1052058 9245476 1668407 323936 5141050 2168162 4868828 1245564 2501438
G0939NTSOK54,a5c700d63307d,1541669530,8,4412788 5815686 6207346 1106804 53952 93616 53849 1825401 687846 53915 1273207 7821020 98993 8209046 1753149 1504083 6547694 928659 98985 8769794 6271604 9878162
01B8MDFB3799,6ce0a23703c2a,1541554010,9,5595696 5194300 6776174 9780174 4411164 2785316 4868232 2249668 9537088 10313008 8331736 10288376 9386300 1976545 4043242 3868254 10074514 3813380 42810 4736046 1114787 511566 4536424 8415000 8104452
5DQIBEMR4W7X,d31fa78d83735,1541639619,16,3583444 82390 42278 42243 214161 119430 5118742 2175518 5723312 42260 996545 100613 105863 4676690 106122 7003032 4082960 147257 105929 105813 106586
RHDT4AA0Y2TY,99f2c2f5569ab,1541670724,12,103251 2039313 2013035 1978597 1018669 4525672 5969264 1735871 6797874 7306762 2033731
903STLZROASD,8fd5aee2f0c37,1541594035,1,5671906 6316050 5609622 2616334 4956700
26YGU0M1UIPV,91f5cd9d84eeb,1541658919,19,103486 103559 3863450 103697 2229780 5823814 106163 693406 1023159 1023201 4531858 103616 1579361 889569 1751261 5490422 103592 6902386 1172818 980711 5762474
N52Y916DI0LA,67be55265b814,1541635507,2,1668387 2571941 2343438 2009589 2260908 2566736 2574999 4205100 3926372 4279078 5111318 9620324 10240166 7897344 10202814 8964492
96E9LG46G5ST,65e89f9c14501,1541598708,2,3143733 3509932 8734912 321771 103478 347086 98265 3487200 103480 818456 1042320 1871817 5202702 2418258 380136 1981043 2102924 2430542 922895 3169334 1198574 1554331 8906706
J97E2LAD9NDD,b7526307cf636,1541616756,4,42365 42884 1050376 1028438 43140 489031 897983 1817417 488961 42964 9457620 2038963 3754668 1196746 3478178
JIA7NA9IDJWL,e6d5a35417b33,1541597498,21,513691 2638760 2681198 5416150 6238026 10081294 5455746 8374826
5B3XG32047BP,22db0d8bf0511,1541692116,32,2340906 990111 323791 4590172 3868954 3131705 2804166 429771 3819196 3139282 1710159 609391 327131 1750547 2635798 2363142 156122 1631203 194326 155723
LW80OAA2WPJO,db9ec80d3001f,1541587738,1,1035566 5738418 3834324 4898972 10457806 1120987 2796159 9324758 8758112 1722399 2940310 4528124 9016692 4521358 6398786 1120983 3863782 6556884 2841438 2216252 2618068 948783 5834170 2650712
XVQG0TL1H9LW,fb32247b4067d,1541717930,14,34306 42805 34316 42831 42329 3503448 1818935 2946886 42751 42825 2637074 348706
G7OF6Q243DYD,d88819771bde6,1541693109,1,96432 1000891 152111 1324836 147919 922105 1446253 9609194 3503850 107178 9045774 106300 1207862 152112 97284 353171 3583802 1269742 105615 3788818 101766 1259031 1269724 4089942 4837646
WZCWLUES7CU9,7b3f38ed8c6cc,1541706631,4,34333 972221 5953116 3177738 34330 1411787 2614428 881097 2346354 1954189 2774170 34328 1855569 6792108 4136600 42786 34329 1258463 909365 150822 8443990 34332 397881 1416918 8962662
G69DAC3LWRTJ,3dc1613cbd33b,1541678168,26,438236 1000311 9841148 1491489 1766075 3446120 5413492 2566110 2034785
A2PO23KSJYP9,6c64236d886ad,1541627665,2,42999 34322 1394928 980249 2519096 1258002 153066 980241 488731 10596510 8760056 914235 2759516 962103 34317 489056 1191992 9910016 1405142 2439518 3236280 325151 2632248 3505920 153072
0I0AFF2OGWMD,d7426557669c2,1541590412,1,346866 1711369 103590 103569 125092 473596 103602 130433 939332 3134801 9920676 473631 380276 3904306 1476851 103543 1725509 8780886 103677 1344504 979299 3060512 2255552 103482 1647351
P8RM6B72YCLK,9971153be7898,1541552209,1,1511043 2782860 1766863 3791960 4046594 2510544 2813162 5722680 2432440 2814219 2814235 8469262 4400808 9870708 6730388 1465361 9710548 10108564 3924302 3201502 3752376 3870360 6563750 7995326 9415850
2SDSZX9MFR3O,9523a81c06cc8,1541714193,3,1326068 2813114 478656 623246 2643962 5179118 1883195 1776169 853336 2367397 2247398 1253497 506356 2030611 2677895 401201 1714493 1084260 477981 1735627 2354332 5059294 1178124 1996661
5ONVNG5LKKBT,3afe750feb19e,1541594951,1,1890089 1832083 6864716 3511904 2739490 4779098 1943341 8291584 2707791 2740758 4626726 2043003 2681632 4752058 123666 4544066 4819196 2672122 3220720 2576476 2638300 2030725 7412710 8153218
9TMJGQ6GSJ40,6e8c750d7afa2,1541576282,2,1469405 5829116 1394474
80GUP887Z3CK,16e1fbdb24e0c,1541600230,2,8160608
EYE5KQY0955Q,12b64ea87a110,1541688982,25,148128 1941031 916167 80948 40716 80891 16824 40517 5972650 80979 1329225 107760 152251
081N7Q4FVIRR,4986d049d3df5,1541555383,3,2567658 1639655 102725 1955087 102726 102723 102722 1351348 93321 113836 93320 158075 2910738 102721 93322 3149674 102720 102728 242871 105534 102724 1274038 3149680 164179 9594466
UGEJIX1DL03N,e11699a041ad5,1541598910,3,2273390 588441 931585 1814243 4103288 2248496 882499 2681386 2030751 1253491 8188018 5062350 6689428 3067216 9265482
Y6RXKZHB0FP0,e6da5802c7f68,1541706243,54,40406 14723 6843 1765277 1269001 80978 39962 13135 80942 6847 6849 147728 40723 921153 6846 1549711 107502 86994
4O5VFP1KEIYA,ce1740b6518d8,1541688423,11,4961142 6314684 8979652
6U0PRF08FUD0,af8c0fda5fcdb,1541607771,7,104345 968243 612251 5485548
C5N4RN2H1595,3a248c985200d,1541695008,3,34967 41578 4468252 5218194 3533288 2420344 7000860 34962 34959 16823 895665 8287496 34953 5739762 35120 35112 5589322 1107186 5405594 1315016 5757514 7090494 350406 4546962 34947
1WJSAZ8X5HE3,fa223d90d3b87,1541567914,246,3913818 3203514 78324 61242 6272290 67284 55939 3956296
JNPHZ13OQ5Y9,45ada65efa036,1541598880,1,3875848 4037276 2430484
AUQ3QR93ZQ9M,bda9ccc6ec372,1541593271,4,2104972 2866080 2105010 506461 1047354 2034151 1592769 4068328 3816248 7332824 2509978
NWAG0FUXV4U0,4eaa545adb1f9,1541643666,1,75078 70168 67697 488076 60236 77226 5661894 56446 2727668 59145 62720 67695 67701 67708 66170 60300 3820890 64294 1106486 153919 70444 70439 78386 75203 65447
U55VZBGKZTEQ,2c66636699a02,1541703187,1,2673210 8154592 8954642 4114984 3953122 2814104 6583802 9773282 7790116 2893005 4762660 7998692 6673966 9655790
7VKFU0YESANF,52cfa2f3f7eaa,1541695348,2,5213120 99388 2418536 3219528 153118 1942735 99389 477676 197386 477711 99396 99384 105582 1724085 3136660 2124078 1302938 477701 7810570 99390 1401396 2098076 477671 99387 477691
5HCGI5EQLFRX,0bac3c99b7d99,1541659069,1,2227092 7097132 4527384 1515665 1712619 2750550 6351074 1849215 7314368 9181682 4569782 4544384 4609142 8917524 9463762 8010240 11083058 3834956 5176588 7043840 5174798 9797044 8309546 4541152
SW9MC1051SI3,7d5daa5f56b3d,1541592519,53,1700901 7110112 521376 3111290 2110224 3222698 449441 914307 5158866 970425 9712430 8937 4984910 5096182 207691 2627209 3136754 2297386 3898544 1360292 6953220 3501494 3810156
0XE9CXG55VAO,717ec76312249,1541716844,20,55190 98976 126552 98978 55187 55186 126559 126556 55197 55212 98979 159552 55213 9991710 4987578
U918MGHJ9SRB,3e65fae79796a,1541550155,5,695486 3864962 4511518 9710 9709 965063 2517046 678836
NHEB9E04GF15,1423a2f126fa5,1541557870,1,325776 4488064 2941630 1422398 2728152 2181052 10178150 105159 3856828 5962316 3367512 9606652 10190908
RZAGUBJ0Q6D5,31c18ad63e049,1541590974,2,7038072 3868476 6893788 3136304 4680016 1247581 3817464 3862306 1986521 4599406 2674696 2605044 5961760 4933804 5115904 5163366 1101754 6894438 2720938 2100138 1978635 2044799 2924676 2818550 4678982
263919J1D7KM,9afa104d13378,1541567488,12,8271 6192908 358946 4795618 61359 67391 5080078 1238812 14742 6954594 119078 1290651 67371 8318 57483 8299 1238810 8290 8272 61212 2218984 1284331
GTWNP8C9US9J,12c05d946485b,1541626752,32,48452 11373 4447848 8676960 49833 11375 48453 11354 11370 5306858 8812180 48459 11353 623521 10112538 11376 50283 2416904 2748711 4016114 5905090 11367 945461 3933090 11374
X7PXXUI2Y951,6d6bf7da60002,1541665917,2,16065 9405658 9474386 148522 9181318 148521 2146766 2555670 32802 5189798 6658820
TTG5YFWDAX0P,7e8396599bcc8,1541607401,1,4555492 4515090 2618934 1271595 2643726 4922652 7132842 9333514 5109458 1223582 1422624 3942050 1441331 1383644 6756980 1523871 3928982 1315576 7369938 1646423 6466824 5865810 1316952 8247272 1390200
29OCWSEG5862,9cc4407a57790,1541690794,8,6432356 6907044 9225372 3091896 6635956
B5ZTXTWER3F9,af660f14f27eb,1541698528,2,3250192 492351 5214216 7193422 955157 103345 103326 103359 955149 400031 5153994 2365100 6092002 348156 6167574 2569346 5205556 8255106 2028099 153048 1238264 1257467 2235150 1588145 348086
RLN8370F2S11,dd29bd45b9612,1541669203,5,61763 4604864 59615 843086 507496 77463 73757 75183 6273380 77869 5618632 72974
FG96V2RLKHM8,b44400b3d505a,1541669359,6,502756 325971 594531 1425221 8694960 2940458 2221852 5522062 2922748 3119978
L5K5S3G4W4TP,28931207ad86a,1541562751,4,349366 43181 42957 2550900 2637187 2027883 1841577 348651 42390 1332139 127662 1702743 1206590 959613 3484826 42850 6161560 5043316 6272170 872181
O1K2N0NXV827,cc84a64bd645a,1541681534,10,4825398 1346437 626631 1305478
Q32CFUE3089D,5148b60ad4123,1541611226,12,80790 127270 5966560 35382 2873838 5104362 752371 1331143 1730637 1332520 151386 1360689 35375 35406 35438 705831 35372 1824945
90NQHIO64CCC,63980af234f81,1541710563,1,1242083 1164842 6696032 2612302 1059412 1715151 6406128 10446882 8408000 10801348 8976254
37NH470TGGL5,c631cb113e759,1541654918,9,64079 61735 73093 63415 1306446 70541 375401 71242 2329418 858986 449406 68559 2022947 9716128 9751206 10385240 9530008 9565964 10418698 10128248 5112700 7947084 8857884 10270198 10443686
YTB54GQA43Q5,3c5382b522b0d,1541689403,4,4856454 3797468 6108028 1404792 1100070 3059634 8414220 7030090 2756787 5427634 3162418 8424428 2379243 2202468 2202428 3869556 5085012 1579405 2111948 2681592 8751638 1587345 5961920 2032677 3193946
H4BUPS2LKGO2,ead0d8ee6b9cd,1541582671,2,5121968 54907 14851 105733 54792 54951 54989 5188296 4530144 101825 919275 1428292 932607 101851 9190374 54993 9781512 3176024 3976922 55116 2553222 128927 7810226
4ZV4MBKZCBF3,d3b3e903bb041,1541697496,12,58908 85127 1776981 62872 617356 3533442 834921 1083734 66516 147271 974423 7905
026PLKHGN2VQ,e16f742fca712,1541687576,22,97895 693916 1593229 980011 2735153 98075 1104912 3251998 348521 1259525 979983 149338 6257506 3820796 2002349 2342636 2278198 1816641 1472129 1709715 1207530 153032 165388 1153268 2670262
50NIC805KC9I,d746c1e6567d7,1541641595,17,1007235 70061 1845751 72860 3485412 1535519 68168 78170 61001 1080696
C5XGZWM82KZT,34ea3557e6f25,1541646553,20,10182924 8049980 6299746 1250237 7018838 6919180 8174858 8005542 6290948 3176094 7132234 10685736 10728232 5061632 6622038 10681300 2785929 5181138 6655294 10870148 6244590 9192766 7297584
CRZH7CK6KDW4,aafffea9210ec,1541645377,18,6336686 2662356 4608642 7178884 4781680 3395310 5180886 3974948 5214460 1955117 3849462 6655016 4776894 4554394 9970496 4299294 10880782 6852642
PPY7QAK2AAM4,8c219d1c205c7,1541701837,18,109323 964545 3244194 3504954 3133068 2023841 2046215 1950245 1324982 2550940 4077154 1061840 4057644 1827179 9818018 1931147 1661849 2042385 1708769
GF53Z9X0EMJY,6a7960b675c89,1541645326,4,7103652 4051066 2819148 1004639 6514414 3894744 3832120 4943480 3375438
MF4BU7J9U35W,37cced20eb341,1541691256,5,1961661 7949924 3533366 8800270 6810634 8771428 6791350
HF3GEJXR737P,96e04f5a82f58,1541592055,1,2530750 2707162 12620 12618 18904 706646 47045 152873 2333066 1535477 12615 12616 1889613 933215 1257765 46422 46830 109858 1362298 1394250 12619 106131 515946 1115163 951931
R2UC077YPWKO,c5a798db44c75,1541638975,3,3391114 4658784 3242176 6173326 5880768 7993460 6444632 2746068 3990392 4010914 3242575 3245028 3985162 3916076 3801898 2686968 3206207 7030070 5986060 6778744 9055174 8502494 9316998 9439956 9608188
488XS0FP5WGZ,63adc03f8625b,1541688124,4,694946 3464020 2547826 5973746 2295228 5974590 2576936 7733888 5012782 10149516 1160430 4907592 6039100 3752198 10198424 1466507 4360982 8744294 5057922
QN0B4I411MUO,935c7afb75e74,1541701511,1,32674 32676 684821 34410 5963164 42485 42875 100214 34436 2593763 5658030 42686 100211 100216 34423 34432 2635372 1954167 1863185 9987878 9233238 2810850 9049072 2165018 6049178
IJXVF71XGEZ6,2953f93cec1a0,1541699890,5,8227286 5842604 2528876 2655570 4170236 4701146 9149 3565798 399876 2868159 3809956 95026 1450433 3165960 690016 112643 2030761 4255050 687246 1331643 4434818
26KDUPMZ2BA5,89b074dd6e8b6,1541564722,6,7213390 1102866 4645226 1299003 7328162 103664 153936 3132050 2419686 2180114 5827212 103679 346861 1981689 2726210 5193368 106476 1771053 2439154 4774596 8375050 2143850 8250518
KTV9H6RYQLUS,9bebdc61f96de,1541569284,2,2765543 9357690 3199903 6688206 7417404 2525848 8760212
QKJZJ3EWP3HI,60a385a10c279,1541676549,6,1306675 344226 8799256
VLV3CBW42F0A,0ae3097bbe350,1541597704,8,8805412 6163642 1063032 1500391 1320590 103656 1007767 1042318 1003141 1003153 9902982 103508 1579373 1003129 1138698 1031948 3901924 9011076 1585233 596146 1102738 2496079 2475100 2483090 1003149
NB1XBVN8L6P6,397aec626b647,1541579358,13,2509304 1277076 1585221 1963879 2403128 10870038 1932021 1177542 7178726 1451247 10509792 2121686 559021 1045096 1037316 1037762 2217310 2112170
A70MRKFD5W00,09d8e7ebaba50,1541611380,2,1285693 488816 6476816 3367360 348971 6654516 42778 1020683 42975 1955319 4377230 7975826 914359 43184 5780036 1068150 100311 42753 1020673 3243817 971931 3980646 386736 970141 684841
29PLGMYN8KC8,ce6eb0e1b3312,1541567668,1,962015 806486 3815690 6378742 5083642 6062818 1952073 5157330 5045754 6693764 2378815 3253040 955039 3136228 2563786 6379734 2207464 2870412 944417 4102754 806461 7126758 4363284 4636254 2207520
UL9L11FE7KZF,4b93c0098c3bc,1541596793,5,1702517 3184672 1558639 4343438 5657486 3199501 2855152
BN8328Z390JD,25028b477fcdc,1541684718,1,6696404 1257598 2811362 42988 42958 8955932 1090934 42653 5519162 4987630 2030147 5478442 42717 9818868 995761 1450169 42595 42950 42705 5122624 3812774 321086 501056 1328261 42935
AW3EBB1XNA3U,389bcd7c6ccac,1541598567,2,368336 95228 3378552 6923502 1314256 2774232 3557336 4575282 2929800 6794206 3877408 1040018 6466324 3936254 1085914 3983750 6464982 7413746 8196036 2036779 2880856 2021171 923499 4024694 6744820
LVOARAVFBW0R,d1bf86a3d51e3,1541647358,3,10370682 2012487 9953998 773473 4521040 1022111 6479850 2717324 3138209 5745714 1137587 2663480 5884948 960675 773483 1725749 773488 1022105 2628892 4663032
KZNAKPO7VWU1,5d26b6ee2ccd2,1541663316,44,151815 317481 992415 216291 1852963 550711 1510185 2778262
MB92PUDH6OI3,b18c86c2a739b,1541694875,12,4586924 3385678 4778860 2817962 6131018 2138878 3924648 5010664 2046985 4597000 4829556 4890762 4948820 4399784 7177416 6406950 7757794 7070002 8187990 3217178 3792996 3944284 4290678 1740145 4676684
RSUC9N445W1C,3dcb0a8866ec1,1541648677,3,63363 57725 5078002 74695 70129 375981 1108329 59265 1104352 445701 73992 4462576 59923 64719 154542 79192 10244062 68161 1995355 1065566 2730038 73799 3979654 7180810
28XNTQ0OYO44,0fd28fcc7f341,1541667939,5,6832324 987831 8922 7075072 99086 449441 4211794 3495976 1183270 8918 1165830 55328 6621584 391216 8958 4232464 4399114 5813504 898919 470611 1835299 3217130
5E7AF1MW8G47,6ab93a0869acc,1541593501,1,478616 104832 1330207 8266238 2248510 1189712 478256 1457493 4627758 1993165 928781 1411164 1750539 1241433 477921 1510229 3243276 1862179 2137130 1474801 991339 1830495 1332718 2811190 6312250
TU1C90P6D380,2b54c839c7cf1,1541678765,2,521186 103648 10107054 8823086 1788893 2179992 3544386 3545014 7849492
4179KJXEM48Y,1fb9c4e06559c,1541609360,35,2252508 4055748 3248726 2252706 2249882 587116 2252518 2249972 1670293 2252498 3862380 2252760 2252170 2677612 1580763 2673192 2251950 1668343 4336196 2252506 2364118
4AHD9HFB4727,055c6f5962ec6,1541576563,1,5742196 226381 41332 9081100
EC1LCVF06WS7,7ee1dfbc83d66,1541598796,2,10067460 383661 5478110 2229780 9590644 5773404
X9WF8A0E0LYJ,6cb305336b0a8,1541698931,1,2847570 9841148 1766015 1766075 2772521 3448574 5413492 1343298 3446120 3471338 1766067 1766125 1766051 10698640 1460723 4135620 2320764 3445974 1961637 3062016 2507526 2375980 3882166 9363348 4946814
MD9SZONA77HZ,e198b3249bc28,1541597560,1,5712 13772 2868161 1070660 5618 5595 5731 1263522 53301 5690 5787 970895 2531926 53129 5612 53411 8461760 9386260 9386340 9408442 9412138 9660336 8154922 9162268 5560
4OGBBB20E36H,464d6091f66c3,1541674045,71,682996 96831 5421234 107112 1319310 2359314 2250686 2641340 1421105 1458511 7201564 3058172 2638970 2650422
QATRY8W6J21A,651dbe1677ba9,1541602445,6,1582635 3373576
27R6D1JHBGLA,66ce752460932,1541698172,37,3239488 43139 42928 43038 2282646 2677270 377611 2827962 513161 2042953 42878 9880300 43066 42708
AVEL2G7XQ4WP,46516419521a0,1541712473,10,19208 46259 19214 46949 1569841 19223 9310714 1159467 497326 1178700 19213 1362530
L11FHFMRIDO8,df6ca8dc13e97,1541711929,53,4342196 4992282 1745811 1522973 3080161 9229832 1829993 9316134 8179666 1794297
L0ZFESCN1C4Y,650cb28e202af,1541553806,18,3074598 5213050
YP7E7N1V0HCH,75cc3db9c6608,1541621281,3,1573393 1689635 7173612 2087400 1810007 2302288 1109955 1262018 1775695 86094 1889067 1077590 5015450 556631 4867496 6327128 4120560 1960487 4095550 9885068 6299922 2071446 1383967 7900066 435336
KPRO9L6HHLEJ,72cc5d8ece1ff,1541698579,127,34429 684821 5963164 34417 42485 42875 34448 34436 5658030 34471 2196232 42686 10652422 32674 34418 34465 749911 3132160 489176 4028188 4123580 3100944 1001763
PXTGHX9IPI99,166fa892f37df,1541711401,6,51025 13053 5303 980633 5258 5309 2835510 51702 1237563 5248 916905 153145 5328 1361660 920215
JJL4TXASQ1H8,d4134d27eff37,1541627969,42,5594652 153550 97505 5497220 3249804 104838 104776 4454760 829671 104788 2242038 4389950 5763334 104790 104793 5822402 104949 9282934 5016850 5188226 843141 3590712 130771
R13U9X3HT615,9932a9990994d,1541680724,2,1204106 1321404 53969 53834 929429 53954 53911 98994 8992496 3147220 53837 53856 1003935 6693462 1504083 1753149 53976 53951 53867 7142064 53859 3468173
ENEC7T75BP16,fc02a595483e4,1541593475,6,6068 6066 1695689 1663629 339781 1266206
4LDQ5L337I7V,ff0a3fd89441b,1541598005,1,8796 3480558 59178 1811137 8640 2705840 8744 417401 1329920 2396630 8733 3492572 2724977 899837 1169335 4786910 3967402 8633 8711 3939734 944737 8723 2731932 149586 5958054
YVD9310QDJBX,bfe491ceb6843,1541581541,15,135594 132011 3110040 52716 4475464 1330947 7194496 149490 5228 3557114 107334 434151 5299 53591 1386758 15208 1361654 4240378 2185454 1236952 7919760 1022551
837CIOCE838V,133aef2aa530e,1541654069,19,7337178 1749817 2605622 1342299 1954449 8783782 1532737 7752398 2345672 7055414 5976146 1196936 1978887
CT071AJ22214,c2749ce5a5129,1541675544,1,2423190 4889754 6698042 4522336 2656914 2127372 4563080 8016346 6436376 2909920 3444788 773698 3211628 1731685 2127378 2662684 5646440 10298892 1415942 6384128 4520804 9404004 11015812 9155390 8933196
37GT7ETZ4Z65,917a1bd68aa23,1541669179,24,5740296 2892811 1982271 3893520 2051935 2207096 7751130
1JN77E6ERSTF,332761fc8b574,1541549701,2,1113938 4398838 4606048 5216378
05W5YA9MG21B,d9a053a549361,1541697369,8,684821 34410 34417 42875 100214 152154 34436 34414 34423 2099360 1995769 34432 3842466 959727 1863185 349176 9987878 489061 6555182 2810850 1012517
OG4UZUE5Y2DT,4ae013668e0cd,1541636688,2,2833647 8211 8183 67192 1369165 8190 7116020 598486 8210 893875 8180 1291442 2577472 68322 8202 8197 7975374 153085 5862270 67220 67728 9721 67200 57290 8208
EH9SFMIVZ7CG,5d2794cfe7c4c,1541659261,12,42365 42884 1050376 1028438 43140 489031 897983 488961 1817417 42768 42964 1772821 3478178 3477434
H1Q694TXF6NB,8971efa1c0ef2,1541666648,2,65038 943207 1107036 77199 10342550 3506016 72727 9071398 2200980 388531 78398 8159592 10547500 8492046 1217222 1258418 9566434 1509979 60732 66876 10251648 983141 1460129 9071198 1258404
K96N0TG71J1P,8395b3d133714,1541703936,2,47645 46645 47753 2636198 1197268 46594 47675 6953242 139301
KHLJTZIC2DOU,93b1d8213bd14,1541554821,1,825241 6928720 4896426 506581 2047683 4139398 4389032 5948820 89518 2724590 7746952 6324734 940398 2890550 7727040 6718464 7171220 5589822 6647428 7269602 7312610 7315576 11252346
EZABJFJ1AX9R,dd3618a70f60c,1541564706,1,9615162 6072310 2367704 2661018 5798172 9652162 772978 8165408 7314036 5774986 2667890 1460155 9954346 9703640 2776887 2661012 6469212 10606376 10002730 9951708 2661008 6662124 3751470 4908724 3832198
YE1L221SAPTN,f641566a365c4,1541694101,36,348816 1105000 5449496
ALGEPY7W1TQZ,889cb06805733,1541614448,2,1021549 1115771 1021567 2024787 835561 980357 1021555 2552717 1115767 1740271 1468065 2219280 1996993 1468061 9768048 10310386 2251098 9893890 5502264
O58HMP2WT3E1,789c646db729f,1541655897,23,3811810 496141 8400372 1153426 693816 674016 8131766 519061 4553004 981929 2621838 2201652 1837709 1482717 1029982 2099776 521336 1339918 2776330 1339848 3839632 4605858 8113288 6683606 2761520
K7QGIT5RI5BT,f52cf40c1d948,1541561030,5,54982 95510 54885 54873 55114 109273 54825 54791 109034 109000 125719 666876 96315 666946 109018 596891 1369880 1039380 2708862 55141 54955 1123362 1031578 54846 14211
4O6GIN8U0A98,edfba425cf12e,1541561242,3,488731 3135557 153075 34319 34309 149394 2269068 1971539 4572844 924467 1713071 980251 4177482 42553 1020877 1104322 5480440 4343058 149395 363176 1185364 3244490 3242888 2269072 488946
BQJ1EHE6PC6E,5998a1199fca4,1541573460,11,7342220 1373705 70315 4341554 3136886 7783634 10089260 9987442 3136950 916095
WUW4WEUI83E7,718b8e0e3a08d,1541620053,7,594691 1166018 130074 2565622 5600898 1161773 729041 2299292 922583 10303582 51138 922605 5192358 32771 922585 2929774 151130 1866605 2660744 1500079 7257736 124641 6124066 2037517 32765
S65W4X7J2SDU,8f8f8e2ba4ce7,1541608533,7,5736838 3758786 7922192 9763558 9677160 7826852 2374146 1079732 7884788 35248 1502873 3936392 7118018 9017260 9183394 9337598 8214246 10198498 7166162 4022184 8280936 9876634 10064396 10213796 7971252
9GEAJGBYI5T5,2c879277a80b2,1541587805,3,1689665 1075752 110834 40323 40104 80925 165006 100339 40688 4475424 1323638 3515054 81720 80860 40870 1779827 930133 897119 1490645 149275
5NQRBQWR9SUJ,13e29b6a6b4b4,1541678886,1,48013 1090082 632226 1521581 138959 1165429 1110538 630581 2149176 1075442 9187926 6451986 47958 3074004 1704065 18738 1237307 5860798 140619 1104660 81655 1704177 1839451 1676879 3162524
1BR3Z9JL8ZIY,c8df51c7fd3db,1541685927,5,2662754 4701804 1982523 2752985 4507130 6059986 2214976 1987019 1478879 9988472 4607446 4451294 10595790
RVKFP42I79LZ,b417086f8e4ca,1541700778,21,2707162 12618 12620 18904 3842698 47045 152873 1237259 2518208 2632354 2783610 1554463 2805114 2157392 2686265 47392 3855776 1251772 631916
5XF5D741KQVO,42fc159f6d5ec,1541605505,1,1655903 1177494 1828491 1104954 3103614 733281 1936359 408851 1934123 6147186 1557317 936917 2195924 932427 5013666 1213534 1500161 1992967 1236457 3060834 3183320 4780328 2376290 1053108 4160218
AFLWW6MPMN9S,6a8ea09955d5c,1541621418,1,22312 643656 21634 3125574 464881 21787 21822 21809 21897 22111 1690155 1083712 641856 21551 21489 1210440 21655 23781 443721 1907589 2798862 2164184 930285 1220860 1887799
AMM75G3DBA61,78d8cb8bb2b63,1541613874,18,43018 3176512 1971265 42861 42781 4556028 4048906 43051 3755252 42923 43172 400491 3144104
7229NOK0536V,a61e7d3fc066d,1541597934,13,46612 138309 1363523 18755 18750 18752 126363 46792 1153462 152836 18747 47142 18748 148973 48001 6625156 46601 152839 46473 148968 47808 46553 47281 18749
0S6CTBXO5D2V,1581b2bf54c26,1541644518,3,62227 62223 71955 1107462
IKK4DZV7N72X,fc3b8e923e746,1541623550,1,5008004 9317618 4504514 3145614 5122358 104902 4089430 2535386 3795382 5141050 8253052 2811560 1052058 1668407 3883954 1009187 2083424 323936 1244988 9386646 8740732 2501438 1771643 1253417 2077872
YA6X55HSXRVT,914ae9ac6b6d7,1541703038,2,2817232 4059416 5702188 1055148
0UU5S18WNN28,54c325c89f712,1541640468,2,559096 1197844 1986991 3502798 1585249 3398804 3545856 9739292 2064382 2030313 2033233 1520121 8170560
16QPO7952H9Z,97db7f82f9b7f,1541577583,2,8276346 1057384 6160412 2859080 908005 97047 1256006 784671 96669 2512326 9140 1243935 1167790 9131 94477 898719 80262 9143 9137 9138 4621424 1854911 9663674 2549374 6694076
N414IS6FNM05,27a9d263e829b,1541678301,117,5827744 113780 95210 4935412 1267927 2842170 5450786 10606914
ILQQ83BUHK2G,46900e429c654,1541621614,28,80790 127270 1082844 35382 2873838 5104362 1331143 752371 151386 1360689 16622 35375 1498485 2123594 35438 705831 35372
LW65VDA4F981,a669bcc435b89,1541591662,1,4642212 944413 6351638 4601360 1246037 2309094 2227228 4546604 3156862 1065856 9313400 9723864 9939130 6536362 4535750 5040218 8828200 10643578 9015038 2898478 1035600 10597354 8807572 344221 1882215
Z353C4IPB64Z,a2b00be480de8,1541619202,1,2085906 9774742 2196150 2179366 147209 1852611 1299938 2734110 326761 478081 3247834 8256346 326726 2028163 1239512 1829443 3149204 1052134 478126 5435250 9842734 2042817 5848286 3847866 1384312
4QVVT70006TY,7f41be9508191,1541609373,2,153626 61425 1846231 1449253 358361 390321 66909 75818 59712 2878157 70425 382116 3548884 9835146 67501 5792250 56832 67502 59828 3388284 911755 359381 70414 5962326 5822490
TRI511XMQV1Y,5b2c2475bb441,1541616642,3,2705840 8653 1197938 8792 8628 910417 8747 102148 8845 8811 8643 8688 8707 918039 3152312 8650 8810 1242959 8718 8762 149599 8696 8709 8834 8764
4UOYY70VA3EM,3ce4087ea76dd,1541703953,29,3586460 247351 39682 155650 39681 3205924 2066480 247361 39684 8839300 6024056 247646 5038608 7317454 1270895 7267630 5057142 2068528 6087138 9777882
P8SIJOYB08B7,036f7b475bb4d,1541705130,2,12361 152512 12378 1533473 18539 1471107 12363 1384494 12353 148543 12354 18520 12356 47240 12357 1762673 12380 2627667 12383 47467 141183 47042 48104 5121844 4414492
RIPD03M2Z93T,f8a1dcd7819a5,1541664990,13,2635110 919115 519571 2627628 49168 2441180
3QYCLFH6MH13,2493086c7044b,1541709464,2,99027 82130 40002 110917 40836 113248 1040204 40556 3066766 80987 110914 3976962 4475348 2326138 80919 80877 4475724 13621 5218370 4476120 127837 1892661 110916 81265 4518250
VSRQED3XA91K,6fff4d623ab6b,1541573389,19,3813532 2237222 666886 1088584 1257342 1027738 931571 1043518 2837236 984053 1043940 666841 3947570 9925806 666976 2922321 8347062
SAERCW0LYP42,46d099dfa2b10,1541594976,1,88262 84127 8100520 8146776 5978208 88042 2001475 6315924 704866 6136174 88043 1722789 5431104 1885661 7226064 1631605 4598110 6407842 4023902 3192372 3380476 5032716 5797176 9605566 4250594
HX3UDY37I5LQ,f6ac6969ea0d9,1541646001,3,948643 43174 34342 34337 100302 42363 34343 34338 740596 42334 5653536 34348 42952 42894 34351 18230 1350878 2024959 4028650 42450 2196006 3385586 1538159 9916296
E3158L5K44GD,4ff33facd467f,1541656202,7,128039 55276 908515 9267580 13978 3132728 8406752 2097650 101726 3452826 9284956 147949 55282 5479162 9455680
PDKAB9C20955,d76f31ea64685,1541695728,1,4696276 3178436 6451814 7206520 5171306 5751224 2717554 8425688 3806932 9205322 5447512 9431700 4075280 4390232 4974060 9034972 6738682 9227724 8967070 9485656 11086958 9418620 8931864 8388272 10980390
6FXFO6N2O99X,596602b643d02,1541679742,6,984469 8799666 3506690 4988802 6556884 692501 2258228 4517394 9794076 9951716 2216252 2596735 2216372 10515962 9302892 8894898 4587446
CT3OW74F48DB,466341ea310e3,1541620811,1,514801 998473 4007268 2307426 1885085 2674518 4063496 1886077 3938278 2262008 8354152 2061346 5518824 9688438 5830506 9189778 2648757 6780002 892859 9443434 6759314 3166088 11174702 6053370 6197520
TZ1GCZHBS5XA,27aa4222c3669,1541621319,42,5121656 3757476 104095
WJ9U7M3FJV65,4be1c5e584191,1541592812,16,3135715 1977427 3135718 2345438 4014286 3135720 2629117 4040984 3156204 4014442 5974130 1206977 3152724 3135709 6207378 4002310 1290768 3817216
X4RH99K8JA4T,617850e57cd8b,1541610308,3,42645 42951 1689645 4938610 1206454 1010665 396796 43143 3183844 3365544 2776314 1010669 4382112 43144 6620944 3483972 512961 1010663 42779 348696 42811 512971 349271 1010675 7219502
Y63BTKYKGI3L,e8c832ec77a95,1541616501,2,96432 101767 152111 1324836 92791 147919 101768 105618 5971616 1540633 9609194 101773 5017670 106300 8254160 3164464 3474764 5020386 9241186 119494 1502765
2F26NUDINV1T,fca89920e4eb6,1541696169,6,115089 119057 83704 280772 2568128 1357945 280787 1583473
NQ5G1427Y2RG,6c77652f474fb,1541608863,1,2877140 5405510 10654220 9739774 8283678 4264674 6693720 3167626 6657730 3941638 3942890 4922232 1003577 1003573 4028482 1003569 7411210 9758656 8306076 6922658 3956414 8958674 10231470 5888928 7355500
00VPWFAXP31I,c925086a22e3f,1541618203,5,3493124 1173584 6397590 4665216 6668606 4705326 2502338 1655835 7762586 3219240 5120876 2480476 6686108 1326787 2861160 4787646 2640758 2643538 4102200 2590316 1494673 4038586 4104574 1399420 9427670
4DFEF61D48J8,1f48ce0b64382,1541707760,5,921237 42194 42276 137704 2705912
PL234AUMJZTU,4acbeb5219e69,1541636731,2,119306 134865 103275 1207564 2787235 1206819 5002170 103259 935813 1838153 1949983 4573454 5928052 9911334 1981215 509991 3167664 1016127 6019012 3135218 2228070 1985981 3245608 93428 1951661
4JJC220S8C6X,176ea04dca3a1,1541647012,1,347896 904579 44016 44149 2257664 1289308 881061 44831 43943 101105 44133 44881 44297 2013167 44924 1830771 347971 44315 44184 347856 43535 1725309 44732 44604 840666
D5HBM5KXN4W3,29ac494e4c5bd,1541560793,1,14848 3061914 1320172 3148386 54864 55147 101865 54888 55134 54947 1345404 109233 54859 3505194 54896 55077 995701 109227 54939 101866 54973 937729 54878 2628645 452176
1UIS3GZ8ZFIU,c30d1bce45e1c,1541559919,1,1206554 96851 94860 1329303 569491 95566 116087 3521154 2805916 134870 126946 599046 321216 118781 134869 3473944 3764402 3184636 106735 2103940 1761385 1449517 126695 348371 909327
LD1GL97N4R30,85895371c8890,1541557419,3,7178994 2780840 1169497 1939577 104600 1241943 1240929 682886 104583 1668733 2047247 2797107 2862071
K5KMJQY42JME,e6b41ab9d0e7a,1541681620,16,478616 104832 1330207 8266238 2248510 1375612 2046923 1189712 478256 1457493 1333392 1750539 1241433 477921 478996 2137130 1474801 1862179 3148436 991339 1332718 2120928 949639
397SKRUTQMW2,1d20d75f4d1d5,1541609062,18,1244912 9426862 6817796 8454334
HHKOM791YP11,b6ea168acb04a,1541646628,1,9860 1105782 134499 9064286 80675 32898 3366988 15472 80531 907649 2239398 2123866 6623740 15550 324986 16249 1368348 4036622 1515373 470731 471516 1325958 3176924 5706430 8225474
OG303OK05VC0,e970683da8d1d,1541696886,10,1532391 3835648 2282924 3138420 3143893 2809318 4071636 9363938 1104876 3242541 9345378 2181848 7250274 3175812
ZGQPYXJAJTAK,f55cb28376630,1541624735,37,2099360 34465 740616 2431384 34468 6262186 42404 4662892 9215412 9233238 9987878 9228546 4646490
WV33PNLDMTK3,eea20d4f35553,1541676206,20,521521 111602 2128842 1510745 521761 2775934 1584233 595471 512541 1181390 1075174 2230932 207846 385936 1714147 521556 2885248 1833719
K0SEKRRNWEQ9,6ff6be51c4c31,1541678200,2,9245476 2717670 4916424 5092274 2717676 7908202 3393247 2675060 9691924 2551186 8928940 2717662 4121834 3048554 2277866 4924634 2811320 9337454 8117364
WSRU22WPZSPK,4644fd69193cf,1541571024,27,437751 43030 370256 34295 42406 1473593 944763 1333662 42520 2396274 944745 42787 932863 1292688 3973812 42461 2054338 3503358 3886050
94Y4LI23L6G9,5e6dd5ce18086,1541591515,4,745041 503361 5059294 1242485 1450581 477936 478656 981989 2643962 478246 5179118 1883195 2367397
CFSX2DGA2WD5,85e5f9dcf802f,1541667880,10,1320172 3148386 55147 101865 55134 54947 1345404 396276 54939 1424761 54916 6892720 54973 1109893 3493932 1431268 2606558 1204394 109232 3176916 3108720 2628645 4496300 1587415 3178682
4B2UATYDP9OE,cd71c83bb9514,1541673779,10,1862923 4901240 5176132 1079872 770878 374936 1498945 1960975 10216056 2651214 2207934 10599396
P9MU6I28ET12,c5c5dd97eee44,1541701403,21,5962870 8815112 8922 99059 7110112 8899 2829394 4202608 8907 3495976 908401 8904 1639817 55326 5100220 55356 2627219 1320073 8909 891821 5585828 2323472 1835299
33ZPM8K324U8,2855896b19afd,1541618066,75,2974002 2989332 2969830 3065348 3119282 2956520 2954074 2952888 2988066 2969488 3014258
NP645C96DD8C,102865f25489d,1541712781,1,106769 9882016 5100088 48219 7538 5739690 5742058 33204 84600 107766 147360 98257 15905 107525 48318 14775 147345 48206 7555 3533848 48332 147353 1236717 151863 48172
A0GQWZ25XWLM,f74229901b00e,1541646811,2,42613 43031 34357 34358 42356 42340 684761 126930 34359 34355 3243382 42339 42357 914361 9346868 2782904 1029796 4133576 32822
HMBO9067FMYA,a576e29c3b61a,1541705324,2,119704 99872 48477 12161 1361082 242131 1197796 1991103 2738412 99902 12164 49019 1577851 50019 149818 48835 12116
MQ114QYYOKSD,0a88b8763ab87,1541691104,5,5931158 5930950 5931220 2805994 1260155 5725764 7250558 3831068 7876258 1178744 5939302 4356350 5432214 4599234 6944244 6831704 6324832 5057336 5930418 8944342 7192218 5930978 10643966 6998330 7055552
9NP77L8IO0F8,11902d9b0a983,1541629315,2,164160 506101 2366420 532301 1772209 1596937 1135067 506236 408866 9258672 9355742 1093298 1654401 7288464 3232914 2327928 2199144 3948714 898097
71TRO81DT43N,8afaf01adea0c,1541581390,6,2035357
XKFAQEFRXF67,2a90c63130d09,1541708374,6,44208 44646 43449 3953562 347546 9354010 75985 69764 65493 64193 44748 44324 71747 1845397 1259131 5157456
6HPUQZETQG2N,c47222ad063d7,1541640831,33,54803 54953 54982 54794 54838 14675 14846 55033 55114 14211 5961130 54812 54865 325981 2708862 153894 109283 109273 54983 109269 54955 54945 55034 109264 8253392
NW70XJ91K1JS,a551b1b42ab18,1541567796,6,103697 1023225 106163 1023169 1023221 693406 1023159 3236650 952307 106164 3236908 1709485 1948813 3236646 1023209 8289012 5161638 2344054 1023245
D2R5KV5L6KJD,e3181e7dec286,1541627592,1,74630 1108523 73215 757281 64883 562056 562151 3524838 3533052 3854156 10403360 10779194 8478510
GNFDCFK1AR28,d5c7244cc01f9,1541610318,1,7449 1411963 100913 150446 40851 930011 6861330 1147561 184471 3748718 1322412 9162710 2635287 1231336 158091 990175 2452166 110906 162426 1702831 1293970 1297432 80884 100907 7062150
09NKKZ8TT4JA,1879831806bb7,1541699552,20,2505094 745041 5059294 2813114 1450581 477936 623246 4744374 1538537 478781 478246 1345355 2247398 2367397 1883005 1563209 1668373 1668435 5053410 2356770 1658719
CXJXYAKEOLR5,af5ca2819e523,1541643141,17,101409 2402018 101369 1835319 110238 101377 101399 101387 101390 3507482 116290 95275 93319 2395937 1947849 95687 2581356 101394 5048028 110239 2606424 97782 4944908
UHMROWW4I2MT,16b6d29fb0897,1541587962,5,92791 101776 95855 4017366 5020386 1823645 4068296 6425524
8DDN0WE15ZYY,5d4052d85e21f,1541613547,2,104725 4077602 4674228 2026097 507881 7770832 5735574 2338140 2676268 6789222 2677352 2892020 2424700 9858844 2717746 2273638 2675532 2676690 10733772 10706018 3962330 8765928 4672750 2790277 9238078
MURNKI9I45ER,7f047f1ed262e,1541643172,131,396091 42788 43059 6794114 43053
BFKSU0JB0R4E,2b155761b3324,1541631423,1,7153 7279 7287 94113 100915 122967 127481 1043318 7162 7434 7148 7433 15712 7154 149345 7160 2190096 97002 15729 7156 907077 15885 94114 1368934 7319
067N75152GSB,dc71e8e2a611b,1541715556,102,890723 2466740 1390248 6783926
M320H0HWULIT,fb18c5a6f9038,1541699290,32,153746 63492 79070 3788878 59723 8473470 66902 63778 58331 1394000 3749358 79879 61542 62291 1107588 77245 119895 59574
TSSMTS8SUW16,0ebb8f6a1f843,1541593479,114,5828214 2667718 2401590 2788346 3869382 2424737 3803266 9617896 10600462 7097734 9430096 3859688
P3CATPD3YSVW,c58ef3909b10c,1541578622,1,321201 2805916 3748358 134870 126946 571196 103252 103268 134869 3473944 3764402 4561136 6337844 3184636 6856744 2103940 1761385 1357741 5896018 3980534 348371 909327 4503930 1008243 2269482
5C1N30DMDJL8,70873633b266b,1541707760,2,68807 1033866 74944 9475912 759901 897337 8269806 951117 952271 1494007 6273150 5910856 4454234 831576 67009 8487302 72636 1329220 760346 77584 3571228 73743 391986 63491 71295
7R75Q6N2YVFI,5e4badae37593,1541579771,1,852576 6655310 106697 6299220 103509 912479 103467 473616 103497 1033462 106750 1059406 7180972 1580437 968915 7806112 1061216 3075633 6729100 346871 6446792 3186598 9554558 2269056 8119008
7REYLYNHZ5M6,a755f7204c707,1541573998,2,106148 1147719 7255766 7827292 1584573 9148376 5093704 2902374 1741211 9759888 1147731
7UPZGNQQI5CB,037c5e4108872,1541705564,2,3168692 3899956 5094988 2144520 3188208 5011246 5498034 7899918 4087064 3949552 5608546 6785358 1461165 9997470 2551026 8431084 2249796 4837058 2710854 1296865 7921062 9307692 1468127 7206320 7333676
AKHUJUADMW5V,99160bfdbf4a8,1541673851,1,12695 1321090 98752 98778 13986 12712 12707 1563001 5806508 32801 32788 2254426 48082 46613 47798 6537442 15586 18432 18403 47025 47074 12650 46485 48024 1460259
QGJ4T0ZGDG8A,fe0dfc4ee88fb,1541686210,4,6080884 957855 3207850 52357 16500 338591 1967141 1051116 1361892 53605 6773670 1151212 158517
FA04TMHPREZV,7bedcad5ec6e2,1541573848,2,99682 5156598 148015 5151274 103240 5218956 97812 382906 97763 97761 97816
QC244QY3NIZ3,c00da8dcd16c3,1541621075,34,2013717 1421793 1950693 7211508 19038 3133974
SNSWE0SA0CBC,a2893dcacd10a,1541622038,4,34506 808301 4715134 42498 5826428 522536 42986 112149 34486 2006223 1057716 2588308 2222718 3152636 510871 3533520 7890050 4519436 7928512 9339220 7122194 5452252 757261
280PZ75BHXEE,e7a422827431f,1541693158,78,4475974 1375397 2300002 4990134 3766362 3515272 1329188 9696320 5825872 1758155 1250946
JOUCR2MBOL54,73e7ae15be7d6,1541625063,2,46272 1622741 109894 117449 149129 970119 18407 81664 897797 47124 18447 12675 672126 541941 13379 46765 46575 1340407 46363 47123 18389 47120 46353
A3EQSC269B5A,8fd33ea910cc9,1541636610,4,5975008 6428566 4578722 6460480 2329832 4546454 2276880 3205374 8836404 4658394 1559335 4474014 5444284 1360228 2035491
MEHK44R6UEAS,f2d49b1373093,1541615736,71,521521 111602 2212992 2128842 1964605 386661 1887755 1584233 1489505 512541 9865774 2230932 1181390 2775934 3367540 207846 4396550 5773586 3747336
BP7L7550B288,055f7de6d9ab4,1541608552,9,473596 1497535 6397454 693521 1393976 7106870 528911 1335117 9552468 7713278 6703128 9784528 10231430
MUDDC4FM9TLM,415ee3a09d7ac,1541619730,1,32952 40395 99033 32936 32940 99039 80921 39999 99042 82014 86907 86970 82013 82016 86917 99035 40332 809511 83078 1962917 575356 86954 99038 178572 91661
FYVRGWXYDHNA,a4573db18e2ff,1541553609,2,4758110 3954996 8965332 6451814 2717554 8425688 9029178 6703992 3806932 4974060 8967070 11086958 5487522 9485656 6738682 6763180 9671804
BYSXCPTGO4PM,d53d688d91dd7,1541617324,2,2316510 94544 1714187 486686 96937 5660526 3591214 9190 2031837 2033369 132163 94522 2288422 37812 2251252 1110718 2424422 2160416 2287986 2037765 93448 1882479 2820358 112901 95080
Z67F43V8I4KD,72a1c52d213ca,1541699361,6,3152250 1411374 3133242 2727748 5973694 8743928 1081912 6996474 2454100 5526558
XOTKRX0NE3IW,81f6eabc7ead6,1541646629,64,61332 79382 56427 69112 59585 67430 61334 63107 56012 66530 63104 69108 2144184 56644 56659 1210644 57874 61337 5596140 10008990 56518 67622
ZRQ6MW2HKO5W,c3bc91a8a8a12,1541584877,44,2733736 424371 50541 3366588 2255130 158980 894465 48482 48479 906851 5008688
9QMJQ29BZIVN,79c855fc5e4a2,1541657447,5,1105782 9860 9350 1330564 9064286 80675 9018956 898641 15472 80561 2239398 907649 2109562 2049583 80545 80519 1829805 3769748 1400918 1826221 147472 1351585 3365836
XF3SE5071FOG,ea0cea68ab6a1,1541626754,20,840256 881071 129015 129018 321556 129011 4487006 129010 129019
S9OA5BD849CR,352e6d53e8e40,1541670788,5,10067460 103486 7803014 5478110 3863450 1063754 2229780 5823814 103465 9590644 1023229 1042004 6276092 8135592 1023169 103496 1023159 693406 103616 3236908 1023189 1023243 9628040 7335206 3236598
LIJ52W2OUM2Q,5d5a33eb80a78,1541660839,1,4909094 5100656 6149272 2665048 6057550 5934142 5078976 5114014 6350172 5933468 4793446 6821006 5931538 5637632 5169672 5167906 5932700 5935346 5938028 5108102 8501326 7860924 9384058 5936912 4700156
JA7L5K4LQQG7,e71e8545fc16f,1541639046,15,109351 4626720 1670475 2068758 1329092 5723646 1771981 478011 2627243 655691 1771225 104900 1921529 2284048 6438418 1770143 4327354 8940834 1179630 2561154 990413 5414166
0XVAP13XH460,7cc65b57d293c,1541704979,2,12594 12589 857741 14644 925325 12583 18489 1487915 12610 342836 14762 12587 12606 18485 46509 1181020 47372 18479 109913 1384125 2396278 138964 109911
ZB1PQFI4IL35,122f85bcafa52,1541564754,1,1013747 2217236 1013791 1013741 2329870 3065066 346896 1013795 1013781 1036706 1522005 1521967 1013755 1955549 1013763 365436 1521959 1477765 4492558 2362190 1013771 1013767 1013761 818236 3548084
3AN0X1ORVSFD,6b557382367d9,1541574440,18,3367852 4080918 10377580 1327118 1389568 4916884 1498195 5420416 2662928 3226485 8974626 1357262 1981627 4058172 2905780 2702634 3934698 4054676 9967130
